{
  "has_precipitation": true,
  "temperature": 0.5,
  "downfall": 0.5,
  "effects": {
    "mood_sound": {
      "sound": "entity.wolf.whine",
      "tick_delay": 6000,
      "offset": 8,
      "block_search_extent": 2
    },
    "music": {
      "sound": "potatowar:sweeden",
      "min_delay": 12000,
      "max_delay": 24000,
      "replace_current_music": true
    },
    "foliage_color": -12759499,
    "grass_color": -12945359,
    "sky_color": -3355444,
    "fog_color": -3355444,
    "water_color": 4159204,
    "water_fog_color": 329011
  },
  "spawners": {
    "monster": [
      {
        "type": "potatowar:remnant_5",
        "weight": 20,
        "minCount": 1,
        "maxCount": 1
      },
      {
        "type": "potatowar:remnant_4",
        "weight": 20,
        "minCount": 1,
        "maxCount": 1
      },
      {
        "type": "potatowar:remnant_3",
        "weight": 20,
        "minCount": 1,
        "maxCount": 1
      },
      {
        "type": "potatowar:remnant_2",
        "weight": 20,
        "minCount": 1,
        "maxCount": 1
      },
      {
        "type": "potatowar:remnant_6",
        "weight": 20,
        "minCount": 4,
        "maxCount": 4
      }
    ],
    "creature": [],
    "ambient": [],
    "axolotls": [],
    "underground_water_creature": [],
    "water_creature": [],
    "water_ambient": [],
    "misc": []
  },
  "spawn_costs": {},
  "carvers": {
    "air": [
      "minecraft:cave",
      "minecraft:cave_extra_underground",
      "minecraft:canyon"
    ]
  },
  "features": [
    [],
    [
      "minecraft:lake_lava_underground"
    ],
    [],
    [],
    [],
    [],
    [
      "minecraft:ore_coal_upper",
      "minecraft:ore_coal_lower",
      "minecraft:ore_iron_upper",
      "minecraft:ore_iron_middle",
      "minecraft:ore_iron_small",
      "minecraft:ore_gold",
      "minecraft:ore_gold_lower",
      "minecraft:ore_redstone",
      "minecraft:ore_redstone_lower",
      "minecraft:ore_diamond",
      "minecraft:ore_diamond_large",
      "minecraft:ore_diamond_buried",
      "minecraft:ore_lapis",
      "minecraft:ore_lapis_buried",
      "minecraft:ore_copper",
      "minecraft:underwater_magma"
    ],
    [],
    [],
    [
      "potatowar:missingplanes_tree"
    ],
    []
  ]
}