{
  "type": "minecraft:block_column",
  "config": {
    "allowed_placement": {
      "type": "minecraft:matching_blocks",
      "blocks": "minecraft:air"
    },
    "direction": "up",
    "layers": [
      {
        "height": 1,
        "provider": {
          "type": "minecraft:simple_state_provider",
          "state": {
            "Name": "minecraft:redstone_torch",
            "Properties": {
              "lit": "true"
            }
          }
        }
      }
    ],
    "prioritize_tip": false
  }
}