{
  "sweeden": {
    "subtitle": "subtitles.sweeden",
    "sounds": [
      {
        "name": "potatowar:sweden-by-c418-except-its-kind-of-sad-and-very-nostalgic",
        "stream": true
      }
    ]
  },
  "mice_on_venus": {
    "subtitle": "subtitles.mice_on_venus",
    "sounds": [
      {
        "name": "potatowar:mice-on-venus-but-make-it-e-x-t-r-a-nostalgic_1",
        "stream": true
      }
    ]
  },
  "aria_math": {
    "subtitle": "subtitles.aria_math",
    "sounds": [
      {
        "name": "potatowar:aria-math-by-c418-except-its-kind-of-sad-and-very-nostalgic",
        "stream": true
      }
    ]
  },
  "haggstrom": {
    "subtitle": "subtitles.haggstrom",
    "sounds": [
      {
        "name": "potatowar:haggstrom-by-c418-except-its-kind-of-sad-and-very-nostalgic",
        "stream": true
      }
    ]
  },
  "living_mice": {
    "subtitle": "subtitles.living_mice",
    "sounds": [
      {
        "name": "potatowar:living-mice-by-c418-except-its-kind-of-sad-and-very-nostalgic",
        "stream": true
      }
    ]
  },
  "bossmusic1": {
    "subtitle": "subtitles.bossmusic1",
    "sounds": [
      {
        "name": "potatowar:no-copyright-rafael-krux-epic-boss-battle-dark-action-music-public-domain",
        "stream": true
      }
    ]
  },
  "boss4": {
    "subtitle": "subtitles.boss4",
    "sounds": [
      {
        "name": "potatowar:visager-dark-sanctum-_boss-fight_-_loop__1",
        "stream": true
      }
    ]
  },
  "boss5": {
    "subtitle": "subtitles.boss5",
    "sounds": [
      {
        "name": "potatowar:cymbalbird-battle_1",
        "stream": true
      }
    ]
  },
  "crptplayerambient": {
    "subtitle": "subtitles.crptplayerambient",
    "sounds": [
      {
        "name": "potatowar:invalid-selection-39351",
        "stream": false
      }
    ]
  },
  "crptplayerhurt": {
    "subtitle": "subtitles.crptplayerhurt",
    "sounds": [
      {
        "name": "potatowar:glitch-sound-fx-pack-04-118236",
        "stream": false
      }
    ]
  },
  "crtpplayerbossmusic": {
    "subtitle": "subtitles.crtpplayerbossmusic",
    "sounds": [
      {
        "name": "potatowar:kirk_osamayo_-_boss_battle",
        "stream": true
      }
    ]
  }
}